product_id,title,description,brand,offer_title,offer_offer_id,offer_price,offer_in_stock,stock,date
shampoing-douceur-de-miel,SHAMPOING DOUCEUR DE MIEL,Nettoie en douceur la chevelure. Apporte brillance et souplesse aux longueurs. Apaise les cuirs chevelus sensibles,BALLOT FLURIN,Default Title,39778969682009,15.4,True,63,2024-12-09 13:00:00
shampoing-traitant-propolis-noir,SHAMPOING TRAITANT PROPOLIS NOIR,Agit efficacement contre la dermite s√©borrh√©ique. Permet de purifier et r√©guler l‚Äôexc√®s de s√©bum. R√¥le antibact√©rien et anti-inflammatoire,BALLOT FLURIN,Default Title,39778978627673,18.5,True,12,2024-12-09 13:00:00
gel-aloe-vera-bio,GEL D‚ÄôALOE VERA BIO,Hydrate et fait briller chaque type de cheveux. Soulage les cuirs chevelus sensibilis√©s. Forme et fixe la boucle naturellement,CENTIFOLIA,Default Title,39784393506905,7.95,True,48,2024-12-09 13:00:00
shampoing-sec-framboise,SHAMPOING SEC FRAMBOISE,Permets d‚Äôespacer les lavages. . Absorbe intens√©ment l‚Äôexc√®s de s√©bum. Parfume et redonne du volume aux racines,CENTIFOLIA,Default Title,39786597417049,10.3,True,9,2024-12-09 13:00:00
masque-richesse-multi-usage,MASQUE RICHESSE MULTI-USAGE,Nourrit en profondeur la fibre capillaire. Prot√®ge les pointes ass√©ch√©es. Odeur et texture parfaites,CENTIFOLIA,Default Title,39787229544537,17.85,True,23,2024-12-09 13:00:00
shampoing-creme-cheveux-gras,SHAMPOING PURIFIANT,Lave en douceur sans ass√©cher. R√©gule la s√©cr√©tion de s√©bum. Permet d‚Äôespacer les lavages,CENTIFOLIA,Default Title,39787248156761,7.95,True,12,2024-12-09 13:00:00
masque-brillance-intense-framboise,MASQUE BRILLANCE INTENSE FRAMBOISE,Hydrate la fibre capillaire. Procure une brillance √©clatante. Apporte douceur et protection,CENTIFOLIA,Default Title,39789047808089,16.75,True,15,2024-12-09 13:00:00
shampoing-volumateur,SHAMPOING VOLUMATEUR,Lave en douceur sans ass√©cher. Procure gaine et volume aux cheveux fins. Rend les cheveux souples,CENTIFOLIA,Default Title,39791340388441,7.95,True,12,2024-12-09 13:00:00
shampoing-brillance,SHAMPOING BRILLANCE,Lave en douceur sans ass√©cher. Illumine chaque type de cheveux. Prot√®ge la fibre capillaire,CENTIFOLIA,Default Title,39791371059289,7.95,False,0,2024-12-09 13:00:00
shampoing-creme-cheveux-sec,SHAMPOING NUTRITION,Lave en douceur sans ass√©cher. Adoucit et fait briller la fibre capillaire. Prot√®ge et lutte contre la d√©shydratation,CENTIFOLIA,Default Title,39792031596633,7.95,True,9,2024-12-09 13:00:00
baulme-demelant-brillance,BAUME D√âM√äLANT BRILLANCE,D√©m√™le sans alourdir. R√©v√©lateur de brillance. Apporte douceur et protection,CENTIFOLIA,Default Title,39792062333017,11.4,True,93,2024-12-09 13:00:00
lotion-demelante-brillance,LOTION D√âM√äLANTE BRILLANCE,Hydrate et fait briller la fibre capillaire. Permet un d√©m√™lage en douceur. Rend les cheveux souples et l√©gers,CENTIFOLIA,Default Title,39794277122137,8.5,True,13,2024-12-09 13:00:00
brume-fixante-volume,BRUME FIXANTE & VOLUME,Fixe naturellement le mouvement des cheveux. Aide efficacement √† la tenue des boucles. Plaque les baby hair . Apporte un soutien en racine,CENTIFOLIA,Default Title,39794280136793,12.9,True,30,2024-12-09 13:00:00
gelee-detox,GEL√âE D√âTOX,Permet de retirer les pellicules . Stabilise la cr√©ation du s√©bum . . A√®re le cuir chevelu et donne du volume,CENTIFOLIA,Default Title,39795953467481,13.5,True,102,2024-12-09 13:00:00
shampoing-sec-pamplemousse,SHAMPOING SEC PAMPLEMOUSSE,Permet d‚Äôespacer les lavages. . Absorbe intens√©ment l‚Äôexc√®s de s√©bum. Parfume et redonne du volume aux racines,CENTIFOLIA,Default Title,39821546651737,10.3,False,0,2024-12-09 13:00:00
serum-concentre-apaisant,S√âRUM CONCENTR√â APAISANT,"Apaise le cuir chevelu sensible, sec et irrit√©. Lutte contre les d√©mangeaisons et les pellicules. Un ""effet gla√ßon"" qui soulage d√®s la premi√®re application",CENTIFOLIA,Default Title,49435059913031,12.95,True,66,2024-12-09 13:00:00
creme-gel-definisseur-de-boucles,CR√àME GEL D√âFINISSEUR DE BOUCLES,Un produit 2 en 1 pour prot√©ger et d√©finir les boucles. Permet de gainer le cheveu et d'√©viter les frisottis. Id√©al pour les cheveux textur√©s et fragilis√©s,CENTIFOLIA,Default Title,49493391933767,15.9,True,25,2024-12-09 13:00:00
spray-activateur-de-boucle,SPRAY ACTIVATEUR DE BOUCLES,Permet de rafra√Æchir les boucles instantan√©ment. Apporte de l'√©clat et lutte contre les frisottis. Id√©al pour retrouver un maximum de d√©finition sans alourdir,CENTIFOLIA,Default Title,49497377964359,13.9,True,87,2024-12-09 13:00:00
shampoing-anti-frisottis,SHAMPOING ANTI-FRISOTTIS,,CENTIFOLIA,Default Title,49571468869959,8.95,True,62,2024-12-09 13:00:00
masque-vegan-hydratation-mask,MASQUE VEGAN HYDRATATION MASK,Procure une hydratation intense et durable.. . Soigne et prot√®ge les cheveux abim√©s. D√©m√™le sans aucunes difficult√©s,CUT BY FRED,Default Title,39963305607257,38.0,True,69,2024-12-09 13:00:00
vegan-curl-cream,CR√àME VEGAN CURL CREAM,Hydrate sans alourdir . Aide √† dessiner les boucles . Apporte brillance et douceur,CUT BY FRED,Default Title,39963336245337,26.0,True,37,2024-12-09 13:00:00
vegan-serum,VEGAN SERUM,Lutte contre les pointes s√®ches. Agit imm√©diatement contre les frisottis . . Prot√®ge et illumine la fibre capillaire,CUT BY FRED,Default Title,39963367374937,29.0,True,209,2024-12-09 13:00:00
brosses-stimulante-scalp-brush,BROSSES STIMULANTE SCALP BRUSH,üçÉ La brosse id√©ale pour stimuler la pousse et ralentir la chute en activant la circulation sanguine au niveau du cuir chevelu.,CUT BY FRED,Default Title,39964533784665,17.0,True,51,2024-12-09 13:00:00
spray-summer-protect,SPRAY SUMMER PROTECT,Prot√®ge du soleil du sel et du chlore.. . √âvite le dess√®chement des longueurs. Nourrit les cheveux et fait briller,CUT BY FRED,Default Title,46827487985991,29.0,True,35,2024-12-09 13:00:00
shampoing-vegan-hydratation,SHAMPOING VEGAN HYDRATATION,Lave en douceur sans agresser. Convient √† tous types de cheveux. Mousse g√©n√©reuse et odeur irr√©sistible,CUT BY FRED,Flacon (290 ml),49769112895815,29.0,True,24,2024-12-09 13:00:00
shampoing-vegan-hydratation,SHAMPOING VEGAN HYDRATATION,Lave en douceur sans agresser. Convient √† tous types de cheveux. Mousse g√©n√©reuse et odeur irr√©sistible,CUT BY FRED,Recharge (520 ml),49769112928583,32.0,True,24,2024-12-09 13:00:00
shampoing-vegan-detox,SHAMPOING VEGAN DETOX,Lave en douceur sans agresser. D√©toxifie et prot√®ge la fibre capillaire. Aide √† espacer les lavages,CUT BY FRED,Default Title,39966930665561,29.0,True,24,2024-12-09 13:00:00
shampoing-sec-vegan-volume-powder,SHAMPOING SEC VEGAN VOLUME POWDER,Apporte du volume aux racines. Permet d‚Äôespacer les lavages. . Texturise et coiffe les cheveux courts,CUT BY FRED,Flacon,49764896899399,26.0,True,20,2024-12-09 13:00:00
shampoing-sec-vegan-volume-powder,SHAMPOING SEC VEGAN VOLUME POWDER,Apporte du volume aux racines. Permet d‚Äôespacer les lavages. . Texturise et coiffe les cheveux courts,CUT BY FRED,Recharge,49764896932167,15.0,True,20,2024-12-09 13:00:00
spray-wake-up-curl-day-2,SPRAY WAKE UP CURL DAY 2,Permet de rafraichir ces boucles . Apporte du galbe et d√©finition . . Hydrate et donne de la brillance,CUT BY FRED,Default Title,39969490927705,26.0,True,16,2024-12-09 13:00:00
gommage-lavant-depolluant-salt-scrub,GOMMAGE LAVANT D√âPOLLUANT SALT SCRUB,Apporte volume et l√©g√®ret√© d√®s la premi√®re utilisation .  Purifie et apaise les cheveux sensibles. D√©toxifie les cuirs chevelus gras et √©limine les pellicules,CUT BY FRED,Default Title,39981922549849,38.0,True,20,2024-12-09 13:00:00
spray-texturisant-vegan-surf-mist,SPRAY TEXTURISANT VEGAN SURF MIST,Effet wavy naturel. Apporte texture et d√©finition aux longueurs. Redonne du volume des racines jusqu'aux pointes,CUT BY FRED,Default Title,39988485357657,26.0,True,20,2024-12-09 13:00:00
serum-vegan-scalp-potion,SERUM VEGAN SCALP POTION,,CUT BY FRED,Default Title,39993299140697,38.0,True,16,2024-12-09 13:00:00
vegan-curl-gel,VEGAN CURL GEL,Fixe les boucles et √©vite les frisottis. Hydrate les longueursÔªø sans alourdir. Apporte douceur et brillance √† la chevelure,CUT BY FRED,Default Title,40010467344473,22.0,True,41,2024-12-09 13:00:00
masque-dejaunissant-perfect-blonde,MASQUE DEJAUNISSANT PERFECT BLONDE,"Neutralise les reflets jaunes. Apporte √©clat et hydratation. Pour tous les cheveux blonds √† blancs, naturels ou m√©ch√©s",CUT BY FRED,Default Title,40052990902361,38.0,True,34,2024-12-09 13:00:00
coffret-surprise-cut-by-fred,COFFRET SURPRISE CUT BY FRED,Un coffret surprise id√©al pour les f√™tes. Mini format qui s'adapte √† tous types de cheveux. Uniquement les produits iconiques de la marque,CUT BY FRED,Default Title,48754345640263,18.0,True,6,2024-12-09 13:00:00
strong-curl-serum,STRONG CURL SERUM,Une barri√®re naturelle qui prot√®ge les cheveux textur√©s. Dompte les frisottis pour obtenir des boucles bien d√©finies. Apporte brillance et douceur aux longueurs fragiles,CUT BY FRED,Default Title,48859974959431,35.0,True,23,2024-12-09 13:00:00
pack-curl-ritual,PACK CURL RITUAL,,CUT BY FRED,Default Title,50304355074375,44.0,True,28,2024-12-09 13:00:00
shampoing-pur-pure-bio,SHAMPOING PUR & PURE BIO,Composition ultra-douce et hypoallerg√©nique. . Apaise et soulage les cuirs chevelus sensibles. Revitalise la fibre capillaire,DRUIDE,Default Title,39785319792729,19.95,True,99,2024-12-09 13:00:00
gel-coiffant-bio,GEL COIFFANT BIO,Coiffe et structure les boucles. Offre une fixation longue tenue. . Hydrate et renforce la fibre capillaire,DRUIDE,250 ml,49983278219591,16.9,True,152,2024-12-09 13:00:00
gel-coiffant-bio,GEL COIFFANT BIO,Coiffe et structure les boucles. Offre une fixation longue tenue. . Hydrate et renforce la fibre capillaire,DRUIDE,90 ml,49983278252359,10.0,True,152,2024-12-09 13:00:00
apres-shampoing-pur-pure-bio,APR√àS-SHAMPOING PUR & PURE BIO,Composition ultra douce et hypoallerg√©nique. Redonne volume et souplesse. . Hydrate intens√©ment la fibre capillaire,DRUIDE,Default Title,39785383592025,17.95,True,42,2024-12-09 13:00:00
shampoing-assainissant-bio,SHAMPOING ASSAINISSANT BIO,Assainit le cuir chevelu et purifie les cheveux gras. Permet de r√©duire les pellicules grasses et s√®ches. Solution naturelle pour lutter contre les d√©mangeaisons,DRUIDE,Default Title,46362924777799,19.9,True,70,2024-12-09 13:00:00
routine-pur-pure,ROUTINE PUR & PURE,,DRUIDE,Default Title,49619501449543,52.06,True,42,2024-12-09 13:00:00
huile-fortifiante,HUILE DE SOIN FORTIFIANTE,Concentr√© d'actif : Anti-chute et anti-casse. . Renforce et prot√®ge la fibre capillaire.. Favorise la pousse et apporte du volume,IN HAIRCARE,Default Title,39948826804313,26.9,True,26,2024-12-09 13:00:00
gummies-3-mois,GUMMIES POUSSE RAPIDE,Renforce et prot√®ge la fibre capillaire.. Lutte efficacement contre la chute . Stimule une pousse rapide. . . . . .  üíä L'offre de 3 mois te permet d‚Äô√©conomiser 10 ‚Ç¨ par rapport √† l‚Äôachat de 3 bo√Ætes s√©par√©es. (3 mois est le temps recommand√© pour une r√©elle efficacit√©),IN HAIRCARE,Default Title,39960873893977,26.9,True,17,2024-12-09 13:00:00
gelules-3-mois,G√âLULES CHUTE ET POUSSE,Lutte efficacement contre la chute . . Renforce et prot√®ge la fibre capillaire. Gaine et donne du volume . . üíä L'offre de 3 mois te permet d‚Äô√©conomiser 15 ‚Ç¨ par rapport √† l‚Äôachat de 3 bo√Ætes s√©par√©es. (3 mois est le temps recommand√© pour une r√©elle efficacit√©),IN HAIRCARE,Default Title,39960872714329,29.9,True,39,2024-12-09 13:00:00
serum-pousse-et-chute-boost-scalp,S√âRUM POUSSE ET CHUTE BOOST & SCALP,Lutte efficacement contre la chute . Renforce et purifie le cuir chevelu. Stimule la pousse naturellement,IN HAIRCARE,Default Title,39995154038873,37.9,True,10,2024-12-09 13:00:00
gelee-exfoliante-anti-chute,GEL√âE EXFOLIANTE ANTI-CHUTE,"√âlimine les cellules mortes, les impuret√©s et les r√©sidus. Stimule la pousse du cheveu. Hydrate et apaise le cuir chevelu",IN HAIRCARE,Default Title,40311094673497,26.9,False,0,2024-12-09 13:00:00
gummies-post-partum,GUMMIES POST-PARTUM,"Rebooste l'organisme apr√®s un accouchement. . Stimule la croissance capillaire. Renforce et booste la croissance des cheveux. üíä L'offre de 3 mois te permet d‚Äô√©conomiser 6,80 ‚Ç¨ par rapport √† l‚Äôachat de 3 bo√Ætes s√©par√©es. (3 mois est le temps minimum recommand√© pour une r√©elle efficacit√©)",IN HAIRCARE,Default Title,48187403403591,30.9,True,9,2024-12-09 13:00:00
gel-curl-n-go,GEL CURL N‚ÄôGO,D√©finit et fixe les boucles sans les alourdir. . Fortifie et gaine la fibre capillaire. Maintient des boucles rebondies tout au long de la journ√©e,IN HAIRCARE,Default Title,48187997126983,21.9,True,86,2024-12-09 13:00:00
lait-capillaire-milkin,LAIT CAPILLAIRE MILK'IN,Un soin sans rin√ßage qui hydrate et prot√®ge. Agit contre les agressions tel un v√©ritable bouclier. Aide √† d√©finir les boucles sans alourdir les longueurs,IN HAIRCARE,Default Title,49033163112775,22.9,True,31,2024-12-09 13:00:00
shampoing-doux-wash-n-care,SHAMPOING DOUX WASH N‚Äô CARE,Augmente le volume et favorise la pousse. Aide √† ralentir la chuteÔªø et aide √† retrouver du volume. . Fortifie la fibre capillaire d√®s la racine,IN HAIRCARE,Default Title,49306580779335,16.9,True,23,2024-12-09 13:00:00
masque-repair-n-care,MASQUE REPAIR N‚Äô CARE,,IN HAIRCARE,Default Title,49306746519879,21.9,True,48,2024-12-09 13:00:00
shampoing-wash-n-purify,SHAMPOING WASH N‚Äô PURIFY,,IN HAIRCARE,Default Title,49818060390727,17.9,True,33,2024-12-09 13:00:00
apres-shampoing-protect-my-hair,APR√àS-SHAMPOING NOURISSANT,Facilite les d√©m√™lages difficiles. Revitalise les cheveux fragilis√©s. Rend les cheveux doux et brillants,KALIA NATURE,Default Title,39788569690201,25.9,True,28,2024-12-09 13:00:00
creme-dhibiscus-3-en-1,CR√àME D'HIBISCUS 3 EN 1,Bouclier face aux agressions ext√©rieures. Conserve l‚Äô√©clat des bouclettes. Renforce et prot√®ge les cheveux fragilis√©s,KALIA NATURE,Default Title,39788573360217,25.9,True,14,2024-12-09 13:00:00
gelee-coiffante-dhibiscus,GEL√âE COIFFANTE D'HIBISCUS,Fixe et discipline les cheveux texturis√©s. Apporte √©clat et rebond aux bouclettes. Lutte efficacement contre les frisottis,KALIA NATURE,Default Title,39788972539993,19.9,True,26,2024-12-09 13:00:00
masque-coco-spiruline,MASQUE PROT√âIN√â COCO-SPIRULINE,Renforce √©norm√©ment la fibre capillaire. Apporte souplesse et brillance. . Sublime intens√©ment les chevelures fragilis√©es,KALIA NATURE,Default Title,39792167911513,25.9,True,75,2024-12-09 13:00:00
serum-riche-au-murumuru,S√âRUM RICHE MURUMURU,Combat imm√©diatement l'effet mousseux. Aide √† d√©finir les boucles rapidement. Apporte une nutrition intense d√®s la premi√®re application,KALIA NATURE,Default Title,40401165156441,14.9,True,141,2024-12-09 13:00:00
gelee-coiffante-au-miel,GEL√âE COIFFANTE AU MIEL,Aide √† d√©finir et fixer les boucles. Maintien l'hydratation de la chevelure. Aide √† avoir des boucles rebondies et brillantes,KALIA NATURE,Default Title,40401959387225,18.9,True,13,2024-12-09 13:00:00
shampoing-bay-de-saint-thomas,SHAMPOING BAY DE SAINT THOMAS,Calme les inconforts du cuir chevelu. Lutte contre la chute des cheveux et stimule la pousse. Aide √† combattre les pellicules,KALIA NATURE,Default Title,46372498800967,15.9,True,14,2024-12-09 13:00:00
shampoing-ortie-piquante,SHAMPOING ORTIE PIQUANTE,Purifie le cuir chevelu et les racines grasses. Stimule la pousse et √©vite la casse et la chute. Fortifie les longueurs,KALIA NATURE,Default Title,46372594647367,22.9,True,12,2024-12-09 13:00:00
trousse-routine-dete,TROUSSE ROUTINE,Trousse id√©ale pour prot√©ger du soleil . Une routine simple et efficace pour soigner tes cheveux. Un format pratique √† emporter partout avec toi,KALIA NATURE,Default Title,46888027488583,38.9,True,20,2024-12-09 13:00:00
creme-sans-rincage-kurl-nectar,CR√àME SANS RIN√áAGE KURL NECTAR,Hydrate et renforce les cheveux les plus secs. Lutte contre les frisottis. Sublime la forme des boucles,LES SECRETS DE LOLY,Default Title,39761260609625,20.0,True,73,2024-12-09 13:00:00
spray-hydratant-coktail-curl-remedy,SPRAY HYDRATANT COCKTAIL CURL REMEDY,Id√©al pour rafraichir ses boucles √† sec. Protection contre les UV. Revitalise les cheveux les plus abim√©s,LES SECRETS DE LOLY,Default Title,39778916434009,33.0,True,28,2024-12-09 13:00:00
soin-hydratant-repair-time,SOIN HYDRATANT REPAIR TIME,Hydrate en profondeur. Renforce la fibre capillaire. √âvite la casse,LES SECRETS DE LOLY,Default Title,39779455336537,20.0,True,87,2024-12-09 13:00:00
shampoing-sunshine-clean,SHAMPOING SUNSHINE CLEAN,Lutte contre les pellicules et les d√©mangeaisons. Purifie sans agresser afin d‚Äôespacer les lavages. Prot√®ge et r√©√©quilibre le pH du cuir chevelu,LES SECRETS DE LOLY,Default Title,39781190664281,16.0,True,13,2024-12-09 13:00:00
masque-tropical-detox,MASQUE TROPICAL D√âTOX,Accompagne dans la transition capillaire vers le naturel. D√©toxifie en douceur la fibre capillaire. Redonne du tonus aux bouclettes fatigu√©es,LES SECRETS DE LOLY,Default Title,39781739200601,21.6,True,50,2024-12-09 13:00:00
shampoing-perfect-clean,SHAMPOING PERFECT CLEAN,Nettoie et renforce  les cheveux textur√©s. Lutte contre les frisottis. Aide au d√©m√™lage,LES SECRETS DE LOLY,Default Title,39788048941145,16.0,True,35,2024-12-09 13:00:00
gelee-boost-curl,GEL√âE BOOST CURL,Hydrate et renforce les cheveux les plus secs. Lutte contre les frisottis. Sublime la forme des boucles,LES SECRETS DE LOLY,Default Title,40393512157273,19.0,True,57,2024-12-09 13:00:00
apres-shampoing-pink-paradise,APR√àS-SHAMPOING PINK PARADISE,"D√©m√™lez instantan√©ment. . Apporte douceur,  l√©g√®ret√© et souplesse. Lutte contre les frisottis",LES SECRETS DE LOLY,Default Title,39788132958297,16.0,True,119,2024-12-09 13:00:00
brosse-denman,BROSSE STYLISANTE,"‚ú® La brosse id√©ale pour r√©partir uniform√©ment les produits coiffants, d√©m√™ler en douceur et am√©liorer la d√©finition de tes boucles.",LES SECRETS DE LOLY,Default Title,39797975384153,15.0,True,119,2024-12-09 13:00:00
creme-nourissante-magic-twist,CR√àME NOURISSANTE MAGIC TWIST,Permet de r√©aliser des coiffures protectrices . Conserve et retient l‚Äôhydratation . Nourrit en profondeur les cheveux fris√©s,LES SECRETS DE LOLY,Default Title,39798052192345,20.0,True,17,2024-12-09 13:00:00
lait-capillaire-ananas,LAIT SMOOTHIE ANANAS,Rend les cheveux doux et brillants. Prot√®ge et renforce la fibre capillaire . . Discipline et lutte contre les frisottis,LES SECRETS DE LOLY,Default Title,39798062678105,22.0,True,28,2024-12-09 13:00:00
shampoing-leger-perfect-match,SHAMPOING L√âGER PERFECT MATCH,Nettoie la chevelure en profondeur. . Apporte l√©g√®ret√© et brillance. . Mousse dense et g√©n√©reuse,LES SECRETS DE LOLY,Default Title,40010512334937,16.5,True,24,2024-12-09 13:00:00
soin-leger-cream-conditionner,SOIN L√âGER CREAM CONDITIONNER,Prot√®ge et hydrate intens√©ment la fibre capillaire. Favorise l'√©lasticit√© des longueurs afin d'√©viter la casse. . Facilite le d√©m√™lage sans ab√Æmer la chevelure,LES SECRETS DE LOLY,Default Title,40010853122137,17.5,True,144,2024-12-09 13:00:00
leave-in-leger-kurl-potion,LEAVE-IN L√âGER KURL POTION,D√©finis et structure les cheveux textur√©s. . R√©v√®le tes boucles naturelles. . Apporte volume et brillance,LES SECRETS DE LOLY,Default Title,40011216453721,22.5,True,70,2024-12-09 13:00:00
kurl-fusion,KURL FUSION,"Id√©al pour les multitextures. . Apporte hydratation , nutrition et d√©finition. . Permet de gagner du temps et de simplifier ta routine",LES SECRETS DE LOLY,Default Title,48618492821831,21.9,True,46,2024-12-09 13:00:00
masque-proteine-pink-power,MASQUE PROT√âIN√â PINK POWER,R√©pare instantan√©ment les cheveux les plus ab√Æm√©s. Apporte une nutrition interne et profonde √† la chevelure. Permet de r√©duire la casse et renforcer la fibre capillaire,LES SECRETS DE LOLY,Default Title,49362041209159,26.9,True,58,2024-12-09 13:00:00
care-fusion,CARE FUSION,,LES SECRETS DE LOLY,Default Title,50141623320903,17.0,True,51,2024-12-09 13:00:00
cloud-fusion,CLOUD FUSION,,LES SECRETS DE LOLY,Default Title,50163859587399,21.9,True,107,2024-12-09 13:00:00
hyaly-fusion-mask,HYALU FUSION MASK,,LES SECRETS DE LOLY,Default Title,50164129366343,26.9,True,67,2024-12-09 13:00:00
coffret-lolys-besties,COFFRET LOLY'S BESTIES,,LES SECRETS DE LOLY,Default Title,50339630350663,49.9,True,44,2024-12-09 13:00:00
shampoing-purifiant-premire-mousse,SHAMPOING PURIFIANT PREMI√àRE MOUSSE,Nettoie sans ass√©cher les longueurs. Purifie en douceur le cuir chevelu. Sensation de fra√Æcheur et de l√©g√®ret√©,NOIRE √î NATUREL,Default Title,39785303933017,13.5,True,78,2024-12-09 13:00:00
curl-bloom-creme-definissante-3-en-1,"CURL BLOOM, CR√àME D√âFINISSANTE 3-EN-1","Un soin 3-en-1 pour hydrater, d√©finir et prot√©ger sans alourdir. Aide √† galber le cheveu et d√©finir les boucles. Apporte volume et brillance",NO MORE BEAUTY,Default Title,48931002417479,39.9,True,151,2024-12-09 13:00:00
masque-capillaire-detox,MASQUE CAPILLAIRE D√âTOX,D√©toxifie et purifie la fibre capillaire. Est un alli√© vers la transition capillaire au naturel. Absorbe les exc√®s de s√©bum et lutte contre les pellicules,POWDER,Default Title,49159966556487,19.8,False,0,2024-12-09 13:00:00
masque-capillaire-no-poo,MASQUE CAPILLAIRE NO POO,Permet un lavage en douceur. . Purifie et absorbe toute impuret√©. Apporte force et l√©g√®ret√©,POWDER,Default Title,39794281218137,19.8,True,39,2024-12-09 13:00:00
masque-capillaire-sublimateur,MASQUE CAPILLAIRE SUBLIMATEUR,Favorise la pousse et freine la chute. Gaine et apporte du volume. Procure brillance et vitalit√©,POWDER,Default Title,39794281971801,19.8,True,10,2024-12-09 13:00:00
masque-capillaire-reparateur,MASQUE CAPILLAIRE R√âPARATEUR,Rend les cheveux plus r√©sistants. Gaine et apporte du volume. . R√©pare et r√©g√©n√®re la fibre capillaire,POWDER,Default Title,39794283151449,19.8,True,9,2024-12-09 13:00:00
fouet-en-inox,FOUET EN INOX,üíõ Un petit fouet tr√®s pratique pour obtenir des soins maison lisses et sans grumeaux.,POWDER,Default Title,46372446830919,4.0,True,11,2024-12-09 13:00:00
cuillere-en-bois,CUILL√àRE EN BOIS,"‚òòÔ∏è L'accessoire id√©al pour m√©langer de fa√ßon homog√®ne tes recettes capillaires DIY, doser avec pr√©cision tes ingr√©dients et conserver les propri√©t√©s des poudres.",POWDER,Default Title,46372485071175,4.5,True,10,2024-12-09 13:00:00
poudre-de-banane-bio,POUDRE DE BANANE BIO,Pr√©vient la d√©shydratation des cheveux. Id√©al pour la r√©alisation de masques capillaires maison. Apporte du volume et de la souplesse,POWDER,Default Title,46662371868999,10.8,True,7,2024-12-09 13:00:00
chouchou-satin,CHOUCHOU SATIN BLANC CASS√â,üåø L'accessoire id√©al pour attacher tes cheveux tout en douceur en √©vitant la casse au niveau des points d'attache.,AUX PORTES DU NATUREL,Default Title,39786683760729,4.5,True,2,2024-12-09 13:00:00
taie-doreiller-en-satin-bleu-nuit,TAIE D'OREILLER EN SATIN BLEU NUIT,"üí´ La taie d'oreiller id√©ale pour lutter contre les frisottis, maintenir l'hydratation des cheveux et √©viter les n≈ìuds au r√©veil !",AUX PORTES DU NATUREL,CARR√â 63x63 cm,39902854414425,30.0,True,6,2024-12-09 13:00:00
taie-doreiller-en-satin-bleu-nuit,TAIE D'OREILLER EN SATIN BLEU NUIT,"üí´ La taie d'oreiller id√©ale pour lutter contre les frisottis, maintenir l'hydratation des cheveux et √©viter les n≈ìuds au r√©veil !",AUX PORTES DU NATUREL,RECTANGLE 70x51 cm,39902854479961,28.0,True,6,2024-12-09 13:00:00
taie-doreiller-en-satin-blanc-casse,TAIE D'OREILLER EN SATIN BLANC CASS√â,"üí´ La taie d'oreiller id√©ale pour lutter contre les frisottis, maintenir l'hydratation des cheveux et √©viter les n≈ìuds au r√©veil !",AUX PORTES DU NATUREL,CARR√â 63x63 cm,39972768645209,30.0,True,11,2024-12-09 13:00:00
taie-doreiller-en-satin-blanc-casse,TAIE D'OREILLER EN SATIN BLANC CASS√â,"üí´ La taie d'oreiller id√©ale pour lutter contre les frisottis, maintenir l'hydratation des cheveux et √©viter les n≈ìuds au r√©veil !",AUX PORTES DU NATUREL,RECTANGLE 70x51 cm,39972768677977,28.0,True,11,2024-12-09 13:00:00
taie-oreiller-en-satin-noir,TAIE D'OREILLER EN SATIN NOIR,"üí´ La taie d'oreiller id√©ale pour lutter contre les frisottis, maintenir l'hydratation des cheveux et √©viter les n≈ìuds au r√©veil !",AUX PORTES DU NATUREL,CARR√â 63x63 CM,39902885052505,30.0,True,8,2024-12-09 13:00:00
taie-oreiller-en-satin-noir,TAIE D'OREILLER EN SATIN NOIR,"üí´ La taie d'oreiller id√©ale pour lutter contre les frisottis, maintenir l'hydratation des cheveux et √©viter les n≈ìuds au r√©veil !",AUX PORTES DU NATUREL,RECTANGLE 70x51 CM,39902885085273,28.0,True,8,2024-12-09 13:00:00
